Peak_175163	941451
Peak_55732	941451
Peak_16720	959177
Peak_87720	959177
Peak_51232	966081
Peak_67144	966081
Peak_64474	975959
Peak_32369	999947
Peak_80846	999947
Peak_9524	999947
Peak_20227	1013196
Peak_48143	1013196
Peak_78592	1013196
Peak_29013	1019323
Peak_44633	1019323
Peak_7155	1019323
Peak_21403	1024670
Peak_80501	1025119
Peak_34251	1032489
Peak_14097	1032822
Peak_73485	1032822
Peak_25860	1067682
Peak_68978	1067682
Peak_19319	1068516
Peak_24518	1068516
Peak_24039	1079493
Peak_25265	1079493
Peak_38063	1079493
Peak_32494	1124797
Peak_106662	1125097
Peak_127062	1125097
Peak_13453	1136406
Peak_18461	1144096
Peak_239339	1144096
Peak_41520	1144096
Peak_73391	1144096
Peak_78446	1144096
Peak_22657	1149943
Peak_294460	1149943
Peak_13897	1157884
Peak_45609	1157884
Peak_4360	1231676
Peak_88064	1231676
Peak_32878	1272411
Peak_12705	1281589
Peak_43032	1281589
Peak_68169	1305667
Peak_33824	1318325
Peak_18123	1324388
Peak_9396	1324388
Peak_95029	1344886
Peak_21096	1347644
Peak_53864	1358494
Peak_175290	1419183
Peak_273521	1419183
Peak_46020	1419774
Peak_92944	1419774
Peak_143416	1433207
Peak_20312	1433207
Peak_39619	1435532
Peak_241915	1540886
Peak_18825	1574268
Peak_52019	1574268
Peak_80902	1574268
Peak_8927	1574268
Peak_93873	1574268
Peak_59648	1627355
Peak_60045	1678754
Peak_62243	1678754
Peak_35073	1680918
Peak_62781	1758730
Peak_7773	1758730
Peak_17002	1778335
Peak_31731	1778335
Peak_17262	1782511
Peak_18368	1783003
Peak_27511	1847088
Peak_272545	1857249
Peak_39276	1857249
Peak_21224	1858693
Peak_65236	1881687
Peak_98980	1881687
Peak_56936	1908330
Peak_7031	1908330
Peak_2123	1918848
Peak_25571	1918848
Peak_5939	1918848
Peak_3944	2133006
Peak_8748	2133006
Peak_39791	2135536
Peak_2084	2189428
Peak_49281	2189428
Peak_86334	2189428
Peak_16975	2194670
Peak_22246	2194670
Peak_5669	2194670
Peak_35892	2198653
Peak_271728	2199174
Peak_5898	2199174
Peak_28584	2204483
Peak_74267	2204483
Peak_10506	2205162
Peak_24386	2208293
Peak_36136	2208293
Peak_23597	2212470
Peak_74596	2234498
Peak_39314	2240245
Peak_165521	2248492
Peak_29996	2248492
Peak_64940	2248492
Peak_56937	2279159
Peak_44566	2290685
Peak_125888	2300339
Peak_197221	2300339
Peak_71674	2300339
Peak_79870	2300339
Peak_87870	2311403
Peak_38211	2322221
Peak_85949	2322221
Peak_174773	2411988
Peak_3404	2411988
Peak_34946	2411988
Peak_50733	2411988
Peak_16292	2526130
Peak_3379	2526130
Peak_10350	2545952
Peak_15640	2546625
Peak_299841	2546625
Peak_55715	2548130
Peak_29004	2548715
Peak_35996	2555596
Peak_36696	2557447
Peak_11644	2575686
Peak_18559	2576733
Peak_19533	2578220
Peak_121331	2642402
Peak_23551	2642402
Peak_44398	2642402
Peak_59591	2642402
Peak_52545	3074374
Peak_234216	3135198
Peak_24636	3135198
Peak_11709	3170546
Peak_22223	3170546
Peak_62475	3170546
Peak_14789	3174910
Peak_81246	3186608
Peak_10028	3188128
Peak_24589	3188128
Peak_5277	3188128
Peak_17672	3213669
Peak_25207	3219247
Peak_14075	3222013
Peak_17488	3222013
Peak_53482	3238513
Peak_28357	3261392
Peak_37183	3261392
Peak_13395	3312946
Peak_24986	3313723
Peak_33202	3323235
Peak_38241	3349089
Peak_42854	3349089
Peak_69145	3350429
Peak_59027	3369822
Peak_242208	3393547
Peak_66724	3393547
Peak_13734	3417927
Peak_4431	3423250
Peak_17239	3454243
Peak_22863	3460091
Peak_148245	3482322
Peak_24338	3482322
Peak_46897	3529444
Peak_64051	3530450
Peak_17639	3530802
Peak_32271	3530802
Peak_142354	3624134
Peak_19317	3624134
Peak_294400	3624134
Peak_4656	3624134
Peak_16182	3746819
Peak_62963	3746819
Peak_84832	3746819
Peak_3730	3856585
Peak_37468	3856585
Peak_45888	3856585
Peak_69135	3856585
Peak_47918	6205225
Peak_17392	6205782
Peak_29076	6205782
Peak_145285	6235321
Peak_60467	6235321
Peak_8502	6235321
Peak_76943	6259977
Peak_137215	6353808
Peak_72099	6353808
Peak_200936	6359263
Peak_22004	6359263
Peak_293050	6359263
Peak_127974	6385165
Peak_99156	6385165
Peak_141566	6392865
Peak_20310	6392865
Peak_2247	6392865
Peak_2646	6392865
Peak_52854	6392865
Peak_144004	6579488
Peak_146127	6579488
Peak_4730	6579488
Peak_274207	6743243
Peak_35692	6743243
Peak_89180	6743243
Peak_69789	6795715
Peak_14495	7265717
Peak_23666	7265717
Peak_36247	7299341
Peak_87074	7470962
Peak_38870	7574397
Peak_15454	8004675
Peak_31263	8004675
Peak_54868	8025836
Peak_60418	8025836
Peak_7812	8025836
Peak_17068	8061261
Peak_13439	8077077
Peak_72259	8078293
Peak_37657	8083735
Peak_60194	8083735
Peak_29728	8097522
Peak_16667	8121007
Peak_38624	8121007
Peak_48303	8167262
Peak_15104	8202130
Peak_53554	8202612
Peak_142520	8217179
Peak_72909	8217179
Peak_22855	8258968
Peak_33108	8258968
Peak_47507	8258968
Peak_16924	8343189
Peak_204589	8343189
Peak_36106	8373568
Peak_206538	8379590
Peak_128068	8396971
Peak_61185	8396971
Peak_27550	8408005
Peak_109052	8423424
Peak_119350	8423424
Peak_32627	8423424
Peak_37306	8423424
Peak_84775	8423424
Peak_92548	8423424
Peak_93256	8423424
Peak_20112	8525817
Peak_128073	8598150
Peak_128074	8598150
Peak_36852	8598150
Peak_6320	8703017
Peak_5762	8848806
Peak_27845	8873639
Peak_13581	8878437
Peak_21654	8878437
Peak_4189	8878437
Peak_126219	9128380
Peak_14661	9128380
Peak_28614	9128380
Peak_6164	9128380
Peak_20720	9162857
Peak_25030	9163683
Peak_32614	9163683
Peak_106534	9181367
Peak_94802	9181367
Peak_33238	9233268
Peak_14426	9234199
Peak_50656	9234199
Peak_56365	9234199
Peak_5771	9234199
Peak_10382	9242390
Peak_26702	9242390
Peak_44595	9244658
Peak_31332	9249680
Peak_49700	9249680
Peak_81402	9249680
Peak_77988	9250458
Peak_108011	9290102
Peak_234043	9290102
Peak_30766	9300196
Peak_141488	9338345
Peak_38305	9338916
Peak_47556	9371491
Peak_36304	9376814
Peak_66862	9401858
Peak_14615	9413014
Peak_39742	9413014
Peak_2133	9539134
Peak_31954	9539134
Peak_39107	9539134
Peak_44887	9539134
Peak_46344	9561550
Peak_18732	9689027
Peak_88342	9689027
Peak_80385	9689958
Peak_21845	9823579
Peak_67000	9823579
Peak_143575	9825439
Peak_30798	9825439
Peak_67830	9843519
Peak_197010	9893067
Peak_299768	9893067
Peak_13104	9900379
Peak_45244	9901572
Peak_77577	9901572
Peak_72477	9942450
Peak_66746	10387645
Peak_15843	10429963
Peak_47294	10429963
Peak_8978	10429963
Peak_35090	10495153
Peak_96277	10495916
Peak_126396	10519187
Peak_41163	10519187
Peak_61996	10528421
Peak_18721	10635992
Peak_73961	10646392
Peak_79617	10651909
Peak_43247	10652701
Peak_50331	10653756
Peak_59222	10653756
Peak_104651	10665933
Peak_17286	10665933
Peak_67374	10668185
Peak_37283	10675418
Peak_52646	10677406
Peak_104460	10680497
Peak_199738	10680497
Peak_15394	10686082
Peak_59285	10692424
Peak_17626	10694407
Peak_44384	10694407
Peak_9158	10694407
Peak_42310	10704656
Peak_27564	10714391
Peak_54075	10714391
Peak_165091	10724119
Peak_30041	10724119
Peak_15980	10725059
Peak_47223	10726399
Peak_8622	10736708
Peak_165712	10737236
Peak_31983	10737236
Peak_11230	10738209
Peak_23553	10755959
Peak_59600	10755959
Peak_25500	10759413
Peak_62194	10759413
Peak_37801	10761912
Peak_119236	10776567
Peak_88976	10781158
Peak_53754	10788571
Peak_88979	10788571
Peak_121602	10795950
Peak_17097	10795950
Peak_198825	10795950
Peak_271084	10795950
Peak_22117	10815054
Peak_27572	10815054
Peak_43861	10815054
Peak_63086	10979470
Peak_12824	10980108
Peak_10886	11272720
Peak_21676	11272720
Peak_8076	11272720
Peak_41940	11653336
Peak_13707	11654321
Peak_47431	11654321
Peak_18523	11735696
Peak_48619	11746704
Peak_55113	11787598
Peak_5084	11790824
Peak_41474	11803480
Peak_1678	11979841
Peak_193725	11979841
Peak_48162	11984184
Peak_164661	12143102
Peak_47851	12148405
Peak_74553	12161708
Peak_8880	12161708
Peak_34972	12170173
Peak_47216	12184153
Peak_141810	12186126
Peak_85784	12186646
Peak_119770	12230579
Peak_37748	12230579
Peak_96374	12230579
Peak_111276	12381309
Peak_54225	12381309
Peak_57072	12434272
Peak_170689	12461090
Peak_43112	12461090
Peak_77707	12464675
Peak_56862	12475986
Peak_19235	12478084
Peak_45302	12478084
Peak_61002	12480827
Peak_45227	12496475
Peak_105023	12510415
Peak_144629	12527540
Peak_23894	12527540
Peak_28980	12528337
Peak_207234	12539957
Peak_53259	12539957
Peak_66219	12539957
Peak_107784	12549648
Peak_89207	12549648
Peak_21977	12595859
Peak_76710	12596532
Peak_33935	12600348
Peak_62061	12601357
Peak_13102	12604366
Peak_42519	12618970
Peak_28718	12619891
Peak_23069	13619885
Peak_30485	14880641
Peak_94178	14880641
Peak_26430	14923977
Peak_56016	14923977
Peak_144658	14945207
Peak_237904	14945207
Peak_63970	14945207
Peak_234108	14968379
Peak_44042	14968379
Peak_49692	15089303
Peak_10840	15090244
Peak_137903	15090244
Peak_18390	15139750
Peak_63736	15141863
Peak_198499	15152373
Peak_36355	15152373
Peak_51778	15168521
Peak_40612	15178876
Peak_44732	15178876
Peak_41375	15197154
Peak_32279	15200439
Peak_44771	15200439
Peak_16024	15201972
Peak_104809	15207519
Peak_148300	15207519
Peak_41031	15207926
Peak_25237	15247041
Peak_38264	15247041
Peak_19848	15284523
Peak_23565	15284523
Peak_26965	15339580
Peak_106481	15409465
Peak_11227	15409465
Peak_84827	15409465
Peak_23173	15416029
Peak_43260	15416029
Peak_30890	15417556
Peak_7050	15424158
Peak_7504	15424158
Peak_10696	15523938
Peak_13032	15523938
Peak_141550	15523938
Peak_275061	15523938
Peak_7216	15523938
Peak_13776	15603120
Peak_28500	15603120
Peak_32914	15703081
Peak_19365	15703603
Peak_17935	15717515
Peak_64188	15717515
Peak_140900	15718331
Peak_7833	15735789
Peak_33678	15780611
Peak_30029	15799059
Peak_49180	15799475
Peak_18524	15799908
Peak_8059	15886188
Peak_40390	15949208
Peak_20495	15949551
Peak_95686	15949551
Peak_15907	16012718
Peak_23962	16012718
Peak_146121	16017911
Peak_73415	16017911
Peak_13996	16143433
Peak_5922	16143433
Peak_11489	16145180
Peak_31133	16145180
Peak_20121	16155623
Peak_268599	16155623
Peak_87634	16155623
Peak_16132	16173180
Peak_59711	16173180
Peak_25983	16175953
Peak_195482	16181615
Peak_9244	16181615
Peak_10118	16206308
Peak_2674	16206308
Peak_18942	16216234
Peak_1039	16216922
Peak_36650	16216922
Peak_25774	16236234
Peak_49820	16236234
Peak_52556	16236234
Peak_9466	16236965
Peak_43863	16248560
Peak_60860	16248560
Peak_34029	16379360
Peak_13793	16440490
Peak_165087	16612975
Peak_18049	16612975
Peak_50391	16612975
Peak_6383	16612975
Peak_10991	16644304
Peak_144890	16644304
Peak_73696	16644304
Peak_50847	16764778
Peak_94465	16764778
Peak_66422	16888842
Peak_22235	16889173
Peak_138928	16904567
Peak_221	16904567
Peak_3468	16904567
Peak_37604	16913662
Peak_723	16913662
Peak_28105	16948147
Peak_3194	16948147
Peak_27424	17516920
Peak_92783	17531765
Peak_92542	17540246
Peak_64216	17545472
Peak_108595	17550821
Peak_25717	17551775
Peak_51039	17551775
Peak_25386	17559758
Peak_47845	17561574
Peak_52189	17564726
Peak_168131	17569572
Peak_49914	17569572
Peak_53769	17580079
Peak_30114	17588012
Peak_14682	18480295
Peak_9278	18480295
Peak_105043	18902401
Peak_16780	18902401
Peak_3126	18902401
Peak_55672	18922299
Peak_118039	19010393
Peak_236805	19010393
Peak_23557	19010924
Peak_25231	19010924
Peak_243326	19066961
Peak_62478	19066961
Peak_120209	19073355
Peak_72252	19073872
Peak_244239	19074971
Peak_55073	19074971
Peak_79095	19074971
Peak_93425	19122192
Peak_16431	19122690
Peak_174273	19140493
Peak_58425	19140493
Peak_81586	19203494
Peak_139618	19260136
Peak_49539	19260136
Peak_21465	19273259
Peak_25293	19273259
Peak_72212	19273259
Peak_14146	19288383
Peak_62932	19288383
Peak_23654	19311714
Peak_2574	19311714
Peak_60311	19311714
Peak_60230	19347516
Peak_80019	19384823
Peak_72126	19414605
Peak_27261	19430040
Peak_62309	19445873
Peak_142682	19448625
Peak_241656	19448625
Peak_105821	19452329
Peak_270007	19452329
Peak_36300	19458864
Peak_40398	19468418
Peak_35991	19469435
Peak_37137	19504896
Peak_27698	19651211
Peak_74637	19738231
Peak_204439	19882138
Peak_42525	19882138
Peak_8527	19882138
Peak_96613	20185989
Peak_197257	20187237
Peak_64462	20187237
Peak_56652	20486505
Peak_17486	20633270
Peak_19915	20633270
Peak_62249	20633270
Peak_21638	20696494
Peak_41597	20696494
Peak_38163	20733137
Peak_8616	21022274
Peak_46324	21149445
Peak_10410	21176221
Peak_123382	21176221
Peak_126698	21176221
Peak_30675	21176221
Peak_14578	21251847
Peak_34023	21251847
Peak_32299	21261641
Peak_21145	21262298
Peak_40358	21262298
Peak_234850	21268261
Peak_41590	21268261
Peak_94618	21268261
Peak_140651	21279991
Peak_145811	21279991
Peak_49282	21279991
Peak_77034	21279991
Peak_108396	21289654
Peak_173558	21289654
Peak_50343	21294426
Peak_68340	21303414
Peak_63443	21317394
Peak_21939	21319473
Peak_9167	21324339
Peak_62103	21329474
Peak_79183	21334788
Peak_36395	21338018
Peak_16476	21338683
Peak_124591	21537855
Peak_88951	21537855
Peak_27045	21574129
Peak_34567	21574129
Peak_31742	21622490
Peak_14482	21623335
Peak_295326	21623335
Peak_23166	21638693
Peak_25873	21638693
Peak_92747	21650388
Peak_108742	21651312
Peak_30573	21651312
Peak_242923	21669244
Peak_63421	21673454
Peak_21331	21764668
Peak_31048	21764668
Peak_2474	21783502
Peak_145812	21869704
Peak_38366	21869704
Peak_103283	21896772
Peak_123160	21896772
Peak_12888	21904544
Peak_9675	21904544
Peak_104080	21909765
Peak_106546	21909765
Peak_93046	21909765
Peak_236312	21913833
Peak_23790	21914933
Peak_118239	21921064
Peak_62284	21921064
Peak_89061	21924668
Peak_122327	21926878
Peak_32080	21927480
Peak_31476	21931147
Peak_63649	21933789
Peak_69299	21935924
Peak_123998	21936949
Peak_15497	21936949
Peak_202336	21936949
Peak_47854	21943050
Peak_6789	21956689
Peak_9640	21956689
Peak_20477	22039666
Peak_21624	22142312
Peak_76759	22142312
Peak_84243	22142312
Peak_141602	22163176
Peak_65083	22163176
Peak_67266	22163176
Peak_41010	22257332
Peak_45322	22257976
Peak_19818	22414223
Peak_22352	22750262
Peak_27157	23177516
Peak_77562	23394691
Peak_15788	23403702
Peak_33461	23423710
Peak_53533	23423710
Peak_240484	23424693
Peak_26453	23424693
Peak_12952	23451940
Peak_34356	23478858
Peak_15026	23483807
Peak_5732	23483807
Peak_81003	23483807
Peak_37888	23528257
Peak_67105	23530552
Peak_10606	23554384
Peak_47281	23554384
Peak_140560	23562139
Peak_6827	23562139
Peak_81067	23577368
Peak_60226	23619411
Peak_77736	23619411
Peak_29262	23704905
Peak_99070	23704905
Peak_10987	23727220
Peak_17266	23727220
Peak_22066	23777879
Peak_22358	23777879
Peak_60636	23777879
Peak_76865	23790190
Peak_30305	23790811
Peak_46767	23793429
Peak_6314	23799443
Peak_39655	23800082
Peak_24612	23809783
Peak_201260	23867678
Peak_8467	23867678
Peak_88126	23867678
Peak_88127	23867678
Peak_32361	23919932
Peak_11199	24018579
Peak_96198	24018579
Peak_67190	24021566
Peak_66807	24322140
Peak_21046	24555822
Peak_13257	24568002
Peak_8375	24705256
Peak_25250	24724531
Peak_27637	24724531
Peak_19349	24847952
Peak_62772	24847952
Peak_105506	24929806
Peak_294028	24929806
Peak_86915	24929806
Peak_33590	25232024
Peak_77447	25232024
Peak_98189	25232024
Peak_26461	25233141
Peak_12197	25239628
Peak_14027	25239628
Peak_9019	25247368
Peak_118507	25562529
Peak_47274	25568470
Peak_42341	25573599
Peak_28032	25616032
Peak_3193	25616032
Peak_63059	25695075
Peak_46206	25727665
Peak_65132	25727665
Peak_69525	25727665
Peak_21843	25743304
Peak_22838	25743304
Peak_21419	25766771
Peak_84147	25771384
Peak_17162	25773514
Peak_28333	25773857
Peak_9184	25859326
Peak_34451	25867288
Peak_18658	25875150
Peak_63852	25875150
Peak_96567	25875150
Peak_18275	25890297
Peak_55418	25890297
Peak_107407	25892512
Peak_108108	25922630
Peak_173076	25922630
Peak_72043	25922630
Peak_123504	25997629
Peak_233587	25997629
Peak_2523	25997629
Peak_47712	25997629
Peak_78457	26035242
Peak_8820	26035242
Peak_8924	26035945
Peak_71520	26161669
Peak_13676	26233656
Peak_206608	26233656
Peak_811	26233656
Peak_20418	26275626
Peak_29934	26276247
Peak_123505	26284791
Peak_32116	26284791
Peak_16478	26336363
Peak_9800	26336363
Peak_3961	26431854
Peak_12290	26500050
Peak_17146	26500050
Peak_194557	26500050
Peak_34350	26500050
Peak_9150	26500050
Peak_16243	26529476
Peak_20088	26529476
Peak_13860	26531186
Peak_36576	26531738
Peak_174453	26541914
Peak_67188	26541914
Peak_12778	26677485
Peak_14366	26692884
Peak_19828	26695337
Peak_6205	26695337
Peak_55516	26705856
Peak_13623	26723229
Peak_55929	26771300
Peak_97339	26771300
Peak_28130	26784008
Peak_44720	26799493
Peak_48704	26799493
Peak_11494	26826367
Peak_33539	26826367
Peak_17292	26849293
Peak_2419	26864750
Peak_68844	26864750
Peak_203040	26889779
Peak_21075	26889779
Peak_236701	26889779
Peak_39561	26899917
Peak_41840	26899917
Peak_78987	26923043
Peak_142975	26959697
Peak_144885	26959697
Peak_74194	26959697
Peak_8295	26959697
Peak_168815	26993281
Peak_20284	26993281
Peak_54890	26997749
Peak_74243	26999456
Peak_62611	27008172
Peak_97498	27009748
Peak_69476	27011138
Peak_31808	27027099
Peak_19681	27031269
Peak_48262	27031269
Peak_66478	27099583
Peak_12796	27112060
Peak_11658	27130786
Peak_34202	27132645
Peak_41820	27137556
Peak_37949	27141660
Peak_43620	27144437
Peak_3376	27234198
Peak_55349	27299460
Peak_68198	27300008
Peak_11582	27349320
Peak_13843	27349320
Peak_26364	27349320
Peak_103684	27356683
Peak_292942	27356683
Peak_39576	27356683
Peak_33496	27357571
Peak_21251	27365484
Peak_21854	27365484
Peak_23582	27365484
Peak_24966	27365484
Peak_14220	27366839
Peak_10929	27392312
Peak_37623	27402412
Peak_21678	27418397
Peak_118713	27428337
Peak_164721	27428337
Peak_33160	27436606
Peak_2688	27489537
Peak_5722	27489537
Peak_69417	27489537
Peak_37107	27504506
Peak_59965	27504506
Peak_103285	27519550
Peak_119686	27522348
Peak_170374	27528042
Peak_31022	27528042
Peak_85827	27528042
Peak_92357	27528042
Peak_143991	27542345
Peak_23065	27542345
Peak_69438	27542345
Peak_140275	27556832
Peak_17837	27556832
Peak_31811	27556832
Peak_34821	27556832
Peak_50711	27556832
Peak_10961	27563494
Peak_14742	27564044
Peak_6376	27568363
Peak_29602	27575058
Peak_31680	27575058
Peak_32514	27575058
Peak_43026	27601765
Peak_80806	27601765
Peak_12504	27659529
Peak_203374	27659529
Peak_30588	27659529
Peak_140345	27662919
Peak_30611	27662919
Peak_9728	27671986
Peak_455	27725398
Peak_15397	27778112
Peak_8772	27785714
Peak_43835	27789536
Peak_123080	27914160
Peak_2309	27914160
Peak_292856	27914160
Peak_45000	28160728
Peak_5370	28235849
Peak_55416	28235849
Peak_103777	28259170
Peak_4272	28259170
Peak_59357	28259170
Peak_17182	28328627
Peak_45250	28437421
Peak_14436	28437897
Peak_10236	28518040
Peak_25069	28518040
Peak_11816	28647978
Peak_33350	28647978
Peak_8094	28647978
Peak_11692	28668588
Peak_298656	28668588
Peak_8271	28668588
Peak_27446	28775148
Peak_39346	28775148
Peak_146627	28886739
Peak_19492	28886739
Peak_78519	28886739
Peak_95803	28887720
Peak_11867	28914146
Peak_33304	28914146
Peak_51830	29122743
Peak_111025	29124266
Peak_64266	29124266
Peak_68360	29124266
Peak_246383	29156816
Peak_40083	29156816
Peak_16678	29202813
Peak_168810	30717984
Peak_21883	30717984
Peak_4167	30717984
Peak_60923	30717984
Peak_823	30717984
Peak_125448	30798606
Peak_68609	30798606
Peak_43358	30816635
Peak_171434	30823767
Peak_4847	30823767
Peak_7301	30823767
Peak_24227	30847467
Peak_270624	30879046
Peak_84935	30879046
Peak_63185	30888309
Peak_89412	31055485
Peak_2693	31065252
Peak_30303	31065252
Peak_12435	31154622
Peak_22236	31154622
Peak_35936	31154622
Peak_39320	31154622
Peak_37606	31373560
Peak_107634	31412862
Peak_23112	31412862
Peak_236678	31412862
Peak_45272	31412862
Peak_78048	31412862
Peak_23999	31573903
Peak_32651	31575580
Peak_19709	31576248
Peak_31480	31584113
Peak_73885	31587829
Peak_78833	31587829
Peak_33897	31588573
Peak_87270	31588573
Peak_7427	31627311
Peak_120487	31627983
Peak_171351	31627983
Peak_202486	31627983
Peak_16117	31669627
Peak_69321	31669627
Peak_164293	31703916
Peak_34352	31703916
Peak_59776	31703916
Peak_14721	31714315
Peak_202690	31714315
Peak_34822	31714315
Peak_6759	31714315
Peak_239335	31760736
Peak_81369	31760736
Peak_13886	31788150
Peak_15432	31788150
Peak_204926	31788150
Peak_76711	31788150
Peak_59916	31880284
Peak_50736	31880944
Peak_60252	31880944
Peak_95667	31880944
Peak_118518	31910972
Peak_2713	31937670
Peak_32903	31937670
Peak_77419	31939914
Peak_27733	31944326
Peak_41976	31944326
Peak_36682	31954717
Peak_45781	31954717
Peak_9458	31955966
Peak_5398	32072517
Peak_7231	32072517
Peak_11174	32179333
Peak_13988	32179333
Peak_44874	32180349
Peak_267947	32200498
Peak_58870	32200498
Peak_60907	32201066
Peak_17572	32205449
Peak_20759	32240076
Peak_53229	32240076
Peak_34038	32241145
Peak_27808	32248219
Peak_2065	32291756
Peak_240506	32291756
Peak_51324	32316430
Peak_12620	32321724
Peak_46809	32321724
Peak_30346	32335213
Peak_61028	32336076
Peak_106919	32361666
Peak_38125	32361666
Peak_80522	32361666
Peak_118635	32393921
Peak_1376	32393921
Peak_46005	32393921
Peak_16964	32400858
Peak_84670	32695002
Peak_241637	32702485
Peak_40710	32702485
Peak_56533	32702485
Peak_125934	32703520
Peak_96910	32703520
Peak_164273	32716450
Peak_3040	32716450
Peak_40406	32742364
Peak_58470	32742364
Peak_78453	32743132
Peak_18380	32743577
Peak_8974	32753699
Peak_10530	32759442
Peak_69474	32759442
Peak_5013	32760081
Peak_33063	32761523
Peak_76738	32933528
Peak_49261	32934071
Peak_30661	32948930
Peak_46335	32972840
Peak_99107	32972840
Peak_15753	32981128
Peak_275255	32989186
Peak_50181	32989186
Peak_13224	32992413
Peak_235570	32992413
Peak_106948	32998017
Peak_52868	33007221
Peak_16133	33008572
Peak_62993	33011247
Peak_74429	33022694
Peak_236252	33180731
Peak_61059	33180731
Peak_8345	33180731
Peak_94827	33180731
Peak_21139	33181916
Peak_46707	33255493
Peak_56562	33334151
Peak_9605	33342250
Peak_104414	33343589
Peak_31876	33349241
Peak_53444	33349241
Peak_5690	33349241
Peak_67193	33349241
Peak_65260	33455816
Peak_141953	33575356
Peak_85736	33575356
Peak_64615	34406449
Peak_105289	34781310
Peak_74269	34781310
Peak_95229	34781310
Peak_242942	34825239
Peak_34815	34825239
Peak_171398	34865563
Peak_238610	34865563
Peak_239057	34865563
Peak_68933	34865563
Peak_85958	34865563
Peak_266312	34984504
Peak_45202	34984504
Peak_53035	34984504
Peak_56614	34984504
Peak_38407	35079049
Peak_75176	35079049
Peak_17518	35319930
Peak_56277	35448210
Peak_71759	35448210
Peak_66338	35882942
Peak_7650	35882942
Peak_86999	35886705
Peak_51196	35930350
Peak_13485	36088399
Peak_166862	36088399
Peak_32356	36088399
Peak_98476	36088399
Peak_32063	36099647
Peak_49410	36100054
Peak_38781	36115245
Peak_124423	36149034
Peak_2347	36149034
Peak_8802	36150793
Peak_13358	36178675
Peak_34745	36178675
Peak_12396	36187815
Peak_34282	36187815
Peak_146507	36200099
Peak_71256	36200099
Peak_42673	36203395
Peak_74448	36203395
Peak_32028	36207383
Peak_117949	36248311
Peak_48707	36248311
Peak_77301	36269049
Peak_22317	36269425
Peak_33056	36299872
Peak_38347	36299872
Peak_23273	36306155
Peak_32601	36306155
Peak_4774	36306155
Peak_59278	36321051
Peak_137606	36321501
Peak_40873	36323176
Peak_57153	36323176
Peak_12411	36373810
Peak_19455	36374371
Peak_9081	36386471
Peak_20739	36450171
Peak_3014	36450171
Peak_14689	36486614
Peak_30712	36486614
Peak_56951	37465632
Peak_30663	37471770
Peak_237872	37474089
Peak_8370	37474089
Peak_72432	37476525
Peak_72628	37476525
Peak_41687	37477211
Peak_17792	37479644
Peak_32158	37487174
Peak_98234	37487174
Peak_22637	37498983
Peak_21269	37514370
Peak_74061	37514370
Peak_9075	37514370
Peak_27498	37534230
Peak_86592	37534230
Peak_15023	37556723
Peak_27520	37595498
Peak_2776	37595498
Peak_20246	37859007
Peak_241013	37859007
Peak_5102	37859007
Peak_78746	37859007
Peak_86014	37859007
Peak_111560	37940102
Peak_103416	37995764
Peak_37946	37995764
Peak_42892	38728298
Peak_19219	38941207
Peak_200165	38941207
Peak_81477	38941207
Peak_46702	38990766
Peak_5125	38990766
Peak_53507	38990766
Peak_17902	39025633
Peak_35560	39025633
Peak_63464	39025633
Peak_93393	39025633
Peak_64076	39127489
Peak_26053	39128992
Peak_105025	39132485
Peak_39197	39132485
Peak_63409	39132485
Peak_30387	39142673
Peak_10392	39158288
Peak_16264	39158288
Peak_20536	39159257
Peak_84077	39183753
Peak_122004	39191659
Peak_11234	39192045
Peak_66921	39204501
Peak_98579	39204501
Peak_74923	39205105
Peak_93582	39214001
Peak_95700	39214001
Peak_18665	39394598
Peak_31737	39395213
Peak_50037	39395213
Peak_28399	39398647
Peak_274347	39408324
Peak_274472	39408324
Peak_5226	39408324
Peak_54810	39408324
Peak_80859	39408324
Peak_232114	39639422
Peak_41507	39639422
Peak_52251	39639422
Peak_27754	39701095
Peak_43298	39701095
Peak_62636	39701095
Peak_105574	39788572
Peak_126685	39788572
Peak_17546	39788572
Peak_56917	39788572
Peak_23610	39818523
Peak_31462	39845312
Peak_11479	39901447
Peak_42910	39901447
Peak_6171	39901447
Peak_10157	39954845
Peak_71179	39954845
Peak_28179	39960411
Peak_58509	39980538
Peak_75178	39987931
Peak_1250	40039571
Peak_13686	40039571
Peak_37375	40039571
Peak_32656	40267792
Peak_75179	40338817
Peak_7087	40373276
Peak_87610	40373276
Peak_78995	40383199
Peak_49621	40383503
Peak_32181	40384117
Peak_66992	40384504
Peak_126862	40389887
Peak_42011	40389887
Peak_62358	40389887
Peak_53115	40391789
Peak_94628	40392267
Peak_19859	40531421
Peak_124969	40665389
Peak_22048	40665389
Peak_50956	40665389
Peak_11168	40708802
Peak_33997	40708802
Peak_267999	40783453
Peak_42495	40783453
Peak_298265	40861612
Peak_298266	40861612
Peak_3276	40861612
Peak_71032	40861612
Peak_9551	40868263
Peak_139976	40899162
Peak_20302	40899162
Peak_12717	40919391
Peak_195383	40919391
Peak_64825	40939794
Peak_64316	40944400
Peak_45129	40944913
Peak_74308	40944913
Peak_141430	41003669
Peak_29229	41003669
Peak_32991	41045694
Peak_18004	41046338
Peak_27361	41101982
Peak_107176	41109076
Peak_201689	41109076
Peak_22011	41109076
Peak_34857	41241284
Peak_36777	41241284
Peak_78751	41241284
Peak_1868	41360911
Peak_93005	41360911
Peak_25726	41382028
Peak_28853	41382028
Peak_32367	41382028
Peak_22582	41418922
Peak_16818	41432441
Peak_18948	41432441
Peak_25199	41432441
Peak_17910	41484280
Peak_6077	41484280
Peak_9670	41496210
Peak_9208	41500453
Peak_21586	41501660
Peak_34595	41515056
Peak_9827	41516097
Peak_14530	41661995
Peak_167457	41661995
Peak_93322	41661995
Peak_42973	41917943
Peak_111571	42214416
Peak_89420	42214416
Peak_3545	42462903
Peak_88508	42462903
Peak_138243	42657962
Peak_138818	42657962
Peak_47635	42657962
Peak_7163	42657962
Peak_6139	42816619
Peak_64765	42816619
Peak_6908	42816619
Peak_48213	42924066
Peak_6858	42924066
Peak_78049	42924066
Peak_24673	42931912
Peak_53598	42931912
Peak_71436	42939314
Peak_49369	42941799
Peak_12442	42943202
Peak_23449	43172149
Peak_23658	43172149
Peak_40783	43238173
Peak_74027	43255454
Peak_7930	43256640
Peak_3119	43358140
Peak_51114	43358140
Peak_80290	43358140
Peak_60017	43367125
Peak_10182	43367610
Peak_39208	43367610
Peak_4872	43367610
Peak_27683	43453317
Peak_72484	43453317
Peak_97468	43453317
Peak_23928	43542104
Peak_13900	43545766
Peak_7675	43545766
Peak_10975	43549975
Peak_27699	43557804
Peak_11656	43946189
Peak_2200	43946189
Peak_274108	43946189
Peak_64255	43979767
Peak_20424	43991240
Peak_64848	43991240
Peak_88062	43991240
Peak_11503	44029737
Peak_118634	44029737
Peak_137400	44029737
Peak_9739	44029737
Peak_104909	44035950
Peak_28692	44423619
Peak_103691	44730528
Peak_17981	44730528
Peak_26858	44730528
Peak_28067	44786156
Peak_60206	44786156
Peak_1738	44799700
Peak_297097	44799700
Peak_580	44799700
Peak_1525	44807015
Peak_207022	44807015
Peak_9209	44807015
Peak_18765	44813557
Peak_118940	44819520
Peak_26763	44819520
Peak_33536	44819520
Peak_13161	45011073
Peak_11046	45011973
Peak_57516	45266136
Peak_75183	45266136
Peak_2437	45303441
Peak_9583	45303441
Peak_47700	45326655
Peak_125633	45348954
Peak_202765	45521204
Peak_67494	45521204
Peak_9265	45521204
Peak_1556	45750298
Peak_38627	45750298
Peak_22142	45802725
Peak_204904	45803345
Peak_4833	45803345
Peak_33798	46171384
Peak_60816	46171873
Peak_268266	46174463
Peak_41942	46174463
Peak_49627	46174463
Peak_14188	46183155
Peak_24073	46183155
Peak_30276	46187517
Peak_10314	46197967
Peak_73377	46197967
Peak_80666	46197967
Peak_34619	46205763
Peak_105881	46246911
Peak_19206	46246911
Peak_3263	46246911
Peak_143710	46301752
Peak_166481	46301752
Peak_244860	46301752
Peak_4726	46301752
Peak_56687	46301752
Peak_59182	46301752
Peak_7839	46301752
Peak_14330	46348124
Peak_24902	46394037
Peak_65262	46394037
Peak_89428	46394037
Peak_9808	46401899
Peak_49455	46532920
Peak_66973	46532920
Peak_88032	46532920
Peak_10484	46616239
Peak_22760	46616239
Peak_269714	46616239
Peak_96444	46616239
Peak_24984	46705477
Peak_127347	46718719
Peak_1296	46718719
Peak_23706	46719753
Peak_43082	47179142
Peak_77078	47181991
Peak_245230	47189753
Peak_8731	47189753
Peak_124120	47231404
Peak_2091	47313853
Peak_29502	47437370
Peak_9481	47437370
Peak_95652	47437370
Peak_12495	47477558
Peak_25619	47477558
Peak_30954	47508005
Peak_93188	47508005
Peak_41343	47558911
Peak_140307	47752015
Peak_45986	47809656
Peak_24519	47837859
Peak_55982	47941806
Peak_56664	47941806
Peak_12325	48471673
Peak_3752	48471673
Peak_56682	48471673
Peak_6631	50968054
Peak_7589	50968054
Peak_19023	51296788
Peak_107985	51313993
Peak_74710	51313993
Peak_50439	51315022
Peak_13510	51518549
Peak_22232	51518549
Peak_20164	51569772
Peak_294284	51622454
Peak_53181	51622454
Peak_12173	51690656
Peak_108067	51729189
Peak_6335	51729189
Peak_44863	52032784
Peak_27565	52404120
Peak_4435	52404120
Peak_94123	52404120
Peak_205273	52633080
Peak_18147	52697909
Peak_39188	52697909
Peak_15803	52702934
Peak_6378	52702934
Peak_39434	53135449
Peak_10002	53145765
Peak_31994	53145765
Peak_42955	53176367
Peak_98667	53176367
Peak_68207	53183361
Peak_3564	53220143
Peak_5162	53220143
Peak_107844	53257070
Peak_120212	53257070
Peak_123143	53257070
Peak_95906	53257070
Peak_48126	53326006
Peak_7118	53326006
Peak_141132	53739046
Peak_20580	53739046
Peak_41022	53919024
Peak_55507	53919024
Peak_31469	54094334
Peak_125429	54199545
Peak_58153	54199545
Peak_59787	54199545
Peak_7713	54199545
Peak_141193	54219071
Peak_30326	54272984
Peak_9194	54272984
Peak_98642	54274481
Peak_51199	54278066
Peak_18484	54287261
Peak_108428	54298562
Peak_69291	54298562
Peak_78984	54298562
Peak_69387	54300342
Peak_67438	54312861
Peak_78055	54335759
Peak_107118	54340052
Peak_12293	54348331
Peak_48238	54355958
Peak_110707	54371138
Peak_144812	54371138
Peak_47718	54371138
Peak_37808	54379951
Peak_43430	54397045
Peak_7109	54488171
Peak_30124	54489291
Peak_12787	54547699
Peak_79784	54547699
Peak_31160	54577711
Peak_96996	54577711
Peak_1531	54581486
Peak_50544	54715648
Peak_73241	54715648
Peak_9239	54715648
Peak_32112	54796151
Peak_26968	54801151
Peak_25182	54801529
Peak_276488	54866780
Peak_40417	54866780
Peak_108663	54886408
Peak_204927	54886408
Peak_27252	54886408
Peak_272964	54886408
Peak_44443	54886408
Peak_50380	54886408
Peak_5430	54886408
Peak_5555	55428856
Peak_36129	56508359
Peak_25931	56516434
Peak_24354	56535975
Peak_172376	56569750
Peak_84633	56569750
Peak_167792	56818749
Peak_19004	56818749
Peak_15864	58577167
Peak_171555	58584170
Peak_83891	58584170
Peak_89000	58584170
Peak_14454	58618273
Peak_194643	58619335
Peak_73067	58619335
Peak_31893	58620275
Peak_21972	58773066
Peak_267218	58773066
Peak_24674	58814274
Peak_67415	58814274
Peak_8391	58814274
Peak_46876	58824744
Peak_19931	58825097
Peak_26929	58848838
Peak_72162	58848838
Peak_32118	58858280
Peak_97284	58858280
Peak_203560	58874861
Peak_30067	58874861
Peak_67157	58874861
Peak_88334	58874861
Peak_40983	58881504
Peak_37767	58883364
Peak_14967	58885058
Peak_50445	58885058
Peak_40877	58893518
Peak_51057	58893518
Peak_9834	58896653
Peak_2171	58903401
Peak_23168	58922271
Peak_8463	58932866
Peak_64415	58942741
Peak_69605	58942741
Peak_235218	58964429
Peak_56691	58964429
Peak_7537	58964429
Peak_53874	58976398
Peak_29609	58982532
Peak_21776	59013233
Peak_28376	59020229
Peak_85638	59043719
Peak_98191	59043719
Peak_72074	59061965
Peak_57375	59062826
Peak_25973	59150816
Peak_292260	59150816
Peak_65267	59203894
Peak_126763	59316582
Peak_148374	59316582
Peak_137813	59393231
Peak_39600	59393231
Peak_56499	59422942
Peak_106365	59543215
Peak_42396	59543215
Peak_47602	59596455
Peak_54209	59673912
Peak_35360	59730913
Peak_93583	59738183
Peak_125137	59738772
Peak_202410	59738772
Peak_74893	59738772
Peak_62656	59750736
Peak_26889	60573123
Peak_16229	61042944
Peak_58348	61042944
Peak_18386	61076831
Peak_31934	61079932
Peak_142141	61142601
Peak_201477	61142601
Peak_13515	61183394
Peak_96734	61183394
Peak_63451	61253450
Peak_59144	61301512
Peak_56194	61318363
Peak_62866	61318363
Peak_64495	61318363
Peak_15465	61338006
Peak_233559	61338006
Peak_79331	61448925
Peak_42715	61450503
Peak_32563	61453156
Peak_66230	61453156
Peak_169872	61638369
Peak_74062	61638369
Peak_48506	61641799
Peak_78545	62384724
Peak_86132	62385973
Peak_58916	62690486
Peak_18530	62707076
Peak_22481	62707076
Peak_48391	62707076
Peak_35102	63367209
Peak_4835	63367209
Peak_22882	63593129
Peak_30864	63593129
Peak_42468	63593129
Peak_80367	63593129
Peak_137939	63698275
Peak_42428	63698275
Peak_66405	63704545
Peak_73198	63893013
Peak_86257	63893013
Peak_17053	63916224
Peak_50490	63917137
Peak_18879	63928430
Peak_172043	63980726
Peak_27806	63980726
Peak_59675	63983515
Peak_39308	64072415
Peak_33864	64474549
Peak_105273	64476617
Peak_67477	64505785
Peak_69506	64536228
Peak_80544	64536228
Peak_43907	64536969
Peak_71159	64536969
Peak_40740	64686868
Peak_67170	64686868
Peak_89253	64687548
Peak_12138	64898038
Peak_31152	64898038
Peak_27882	64915928
Peak_55922	64917418
Peak_81479	64917418
Peak_61177	64933210
Peak_89132	65147474
Peak_92381	65147474
Peak_96882	65147474
Peak_57291	65153720
Peak_77645	65158713
Peak_35247	65254056
Peak_46794	65254056
Peak_9084	65254056
Peak_37323	65265655
Peak_75198	65469130
Peak_123676	66271875
Peak_24419	66533762
Peak_18612	66542761
Peak_14605	66543539
Peak_75199	66563500
Peak_234236	66924734
Peak_2564	66924734
Peak_492	66924734
Peak_66391	67001777
Peak_76992	67001777
Peak_8254	67572626
Peak_8522	67686389
Peak_50519	67713443
Peak_39911	67723632
Peak_18921	67736058
Peak_19856	67736058
Peak_15452	67748527
Peak_32636	67749658
Peak_13225	67760068
Peak_18899	67771056
Peak_29005	67838667
Peak_33591	67840473
Peak_53162	67840473
Peak_31258	68145516
Peak_86838	68145516
Peak_22532	68173994
Peak_73310	68177949
Peak_20753	68197869
Peak_20785	68217048
Peak_164631	68496592
Peak_2562	68496592
Peak_66739	68496592
Peak_20447	71046939
Peak_204572	71046939
Peak_54090	71046939
Peak_66192	71046939
Peak_68982	71046939
Peak_32673	74732558
Peak_35074	74732558
Peak_60811	74732558
Peak_9542	74732558
Peak_10044	76074314
Peak_87953	76074314
Peak_16827	76154161
Peak_169666	76154161
Peak_68029	76154161
Peak_202772	76868095
Peak_69182	76868095
Peak_60709	76868705
Peak_38990	77605247
Peak_54954	77832876
Peak_65271	77832876
Peak_94255	78619762
Peak_36191	81681575
Peak_48519	81682498
Peak_57530	81877187
Peak_10495	84077476
Peak_143566	84077476
Peak_28934	84077476
Peak_68786	84077476
Peak_137467	84271466
Peak_207863	84271466
Peak_25466	84272489
Peak_58264	84301539
Peak_146949	84365543
Peak_36430	84365543
Peak_62291	84365543
Peak_26808	84997022
Peak_77066	84997022
Peak_45554	85047780
Peak_58145	85047780
Peak_95668	85047780
Peak_109487	85224865
Peak_22023	85224865
Peak_241504	85259149
Peak_45114	85259149
Peak_47756	85259149
Peak_7458	85259149
Peak_10434	85297699
Peak_52559	85297699
Peak_32888	85330215
Peak_12949	85464492
Peak_17809	85464492
Peak_26638	85464492
Peak_27541	85464492
Peak_74655	85550911
Peak_50188	85551231
Peak_38912	85611951
Peak_20728	85628774
Peak_20823	85628774
Peak_47636	85628774
Peak_241339	86155822
Peak_200486	86774307
Peak_87062	86774307
Peak_27185	86792767
Peak_27961	86792767
Peak_124242	87131798
Peak_25007	87131798
Peak_84012	87131798
Peak_205284	87334986
Peak_36006	87334986
Peak_40647	87334986
Peak_22817	87449276
Peak_21305	87806008
Peak_146295	88985074
Peak_196625	88985074
Peak_29851	88985074
Peak_119095	89311291
Peak_137286	89311291
Peak_38722	89311291
Peak_99206	89567003
Peak_110315	89842882
Peak_13445	89842882
Peak_28641	89842882
Peak_41153	89842882
Peak_50300	89842882
Peak_74705	89842882
Peak_19077	91021295
Peak_28171	91021295
Peak_3585	91021295
Peak_10548	91500521
Peak_20118	91500521
Peak_33985	91500521
Peak_169103	91569584
Peak_33014	91569584
Peak_66371	91745050
Peak_46268	91830093
Peak_92658	91830093
Peak_142872	91851364
Peak_43710	91851364
Peak_15618	91885334
Peak_208777	91885334
Peak_23283	91885334
Peak_7565	92804701
Peak_43577	93554123
Peak_52341	93579946
Peak_12861	93591744
Peak_13969	93591744
Peak_142380	93591744
Peak_22251	93600732
Peak_19690	93614434
Peak_201685	93614434
Peak_59410	93616778
Peak_69080	93616778
Peak_25359	93617692
Peak_47357	93639098
Peak_293515	93664599
Peak_53705	93670168
Peak_60326	93672096
Peak_58475	93673236
Peak_17033	93680767
Peak_20821	93680767
Peak_63178	93680767
Peak_64645	93680767
Peak_50748	93692766
Peak_65146	93693363
Peak_237304	94020905
Peak_77448	94020905
Peak_13391	94045571
Peak_120166	94068635
Peak_18608	94068635
Peak_204943	94068635
Peak_86191	94095109
Peak_4922	94247146
Peak_50127	94247146
Peak_40738	94325595
Peak_59502	94325595
Peak_27870	94384781
Peak_43370	94541232
Peak_8175	94541232
Peak_58910	94550870
Peak_94180	94552367
Peak_28275	94562964
Peak_106038	94602937
Peak_50872	94608262
Peak_39743	94612094
Peak_33226	94621322
Peak_121294	94648260
Peak_21361	94648260
Peak_267933	94676435
Peak_51239	94676435
Peak_109068	94701943
Peak_88818	94701943
Peak_49425	94753767
Peak_16360	94783340
Peak_268554	94801889
Peak_292363	94801889
Peak_41907	94801889
Peak_17363	94820031
Peak_23498	94820031
Peak_73923	94823200
Peak_27570	94854332
Peak_67784	94854332
Peak_146931	94863213
Peak_47741	94863213
Peak_27763	94864007
Peak_49572	94883807
Peak_56320	94884125
Peak_23539	94950041
Peak_99215	94972341
Peak_28527	95014042
Peak_30839	95233332
Peak_4382	95233332
Peak_56108	95233332
Peak_43378	97277812
Peak_40863	97921377
Peak_15730	99645592
Peak_26460	99766361
Peak_64616	99808746
Peak_177018	99986620
Peak_42035	99986620
Peak_73456	100430380
Peak_15128	107056502
Peak_26006	107056502
Peak_37508	107056502
Peak_49673	107056502
Peak_67617	107935252
Peak_59877	107936568
Peak_67343	108584360
Peak_147990	109090290
Peak_32399	109090290
Peak_46823	109090290
Peak_7712	109090290
Peak_27347	109113836
Peak_119616	109138011
Peak_49186	109138011
Peak_22947	109151198
Peak_242710	109162299
Peak_296876	109162299
Peak_17105	109181089
Peak_84714	109181089
Peak_175431	109239921
Peak_84108	109239921
Peak_84468	109239921
Peak_97456	109239921
Peak_144148	109274565
Peak_32968	109274565
Peak_4430	109282864
Peak_87447	109299600
Peak_137808	109370902
Peak_169894	109370902
Peak_172163	109370902
Peak_69254	109392993
Peak_110957	109397514
Peak_238287	109397514
Peak_8049	109397514
Peak_45877	109466192
Peak_63208	109466192
Peak_89036	109466192
Peak_12629	109483684
Peak_9317	109483684
Peak_38709	109509148
Peak_54922	109509148
Peak_73789	109509148
Peak_25052	109546347
Peak_41595	109619653
Peak_27140	109620847
Peak_169132	109655593
Peak_87546	109655593
Peak_9460	109655593
Peak_7846	109667815
Peak_11886	109739731
Peak_56854	109739731
Peak_64799	109739731
Peak_27241	109763828
Peak_96907	109763828
Peak_35231	109776912
Peak_22132	109783295
Peak_117942	109792238
Peak_55713	109793856
Peak_241640	109796913
Peak_53083	109796913
Peak_21150	109823849
Peak_38930	109877222
Peak_45586	109895846
Peak_34763	109910457
Peak_67224	109927969
Peak_22362	109931171
Peak_53123	109934389
Peak_46314	109959914
Peak_110636	109984101
Peak_3295	109984101
Peak_37545	109984101
Peak_94896	109984101
Peak_21612	110003742
Peak_27423	110084338
Peak_74077	110084338
Peak_38740	110209882
Peak_6600	110209882
Peak_44837	110235080
Peak_203202	110235632
Peak_85522	110235632
Peak_12590	110407149
Peak_53113	110407149
Peak_52866	110464371
Peak_110996	110477002
Peak_13124	110477002
Peak_29574	110478308
Peak_18431	110507777
Peak_198636	110507777
Peak_75075	110507777
Peak_16792	111110257
Peak_35950	111200599
Peak_15723	111228425
Peak_15322	111507563
Peak_26842	111507563
Peak_64480	111507563
Peak_64931	111507563
Peak_169664	111515507
Peak_43205	111515507
Peak_49336	111515507
Peak_86688	111515507
Peak_164688	111576240
Peak_8625	111576240
Peak_142530	111592252
Peak_11623	111592678
Peak_296947	111733375
Peak_62612	111733375
Peak_195868	111738427
Peak_20237	111738427
Peak_239054	111738427
Peak_243235	111738427
Peak_4443	111738427
Peak_94478	111738427
Peak_52030	111740210
Peak_208194	111990883
Peak_23900	111990883
Peak_50078	111990883
Peak_29242	112394180
Peak_41140	112395922
Peak_6559	112395922
Peak_120263	112465863
Peak_21005	112465863
Peak_15515	112700570
Peak_200971	112700570
Peak_31017	112704770
Peak_31807	112704770
Peak_5230	112706995
Peak_8343	112706995
Peak_3910	112715093
Peak_147597	112998809
Peak_25823	112998809
Peak_2703	113072623
Peak_36206	113072623
Peak_53393	113072623
Peak_39695	113216739
Peak_127413	113879445
Peak_104359	113913418
Peak_125373	113982027
Peak_77259	114346150
Peak_203496	114581122
Peak_58296	114581122
Peak_6048	114581122
Peak_1336	114669606
Peak_20383	114669606
Peak_39428	114669606
Peak_95798	114669606
Peak_27889	115062598
Peak_49620	115642433
Peak_58906	115642433
Peak_88366	115679079
Peak_57490	116002131
Peak_28269	116002633
Peak_243591	116242661
Peak_55633	116242661
Peak_105145	116243643
Peak_118944	116243643
Peak_38191	116311986
Peak_127132	116376468
Peak_205443	116418252
Peak_22115	116418252
Peak_121059	116666926
Peak_13689	116666926
Peak_200227	116666926
Peak_96177	116666926
Peak_27725	116853702
Peak_84469	116879421
Peak_42436	116909514
Peak_42692	116909514
Peak_58533	116909514
Peak_88945	116909514
Peak_1282	117121410
Peak_29689	117121410
Peak_5603	117121410
Peak_42697	117231845
Peak_29643	117562627
Peak_31430	117562627
Peak_18625	117570872
Peak_20239	117570872
Peak_79629	117590339
Peak_13618	117591272
Peak_19422	117632297
Peak_22508	117632297
Peak_107791	117674518
Peak_36462	117675033
Peak_194487	117928864
Peak_28392	117928864
Peak_33671	117928864
Peak_4375	117928864
Peak_45165	117928864
Peak_3188	119139939
Peak_644	119139939
Peak_94074	119139939
Peak_14180	119631234
Peak_13353	119737338
Peak_144149	120180016
Peak_207492	120180016
Peak_57492	145782497
Peak_119329	145845385
Peak_195064	145845385
Peak_45581	145845385
Peak_173362	145858760
Peak_1921	145858760
Peak_45484	145858760
Peak_7059	145858760
Peak_194112	145871699
Peak_66899	145871699
Peak_96278	145871699
Peak_166277	145872542
Peak_295272	145872542
Peak_13721	145885582
Peak_146928	145885582
Peak_33845	145885582
Peak_64425	145891210
Peak_235308	145891739
Peak_3971	145891739
Peak_10630	145918626
Peak_11332	145918626
Peak_63585	145918626
Peak_67519	145918626
Peak_21747	145957413
Peak_3241	145957413
Peak_10982	145964214
Peak_62971	145964214
Peak_4315	145979304
Peak_104011	145985924
Peak_71435	145997166
Peak_24578	146035492
Peak_43324	147084675
Peak_54878	147084675
Peak_87616	147235887
Peak_45833	147539117
Peak_22486	147540913
Peak_23238	147540913
Peak_72188	147540913
Peak_45721	147541687
Peak_76754	147541687
Peak_111296	148263191
Peak_148758	148263191
Peak_175817	148263191
Peak_18362	149899405
Peak_4967	149899405
Peak_76761	149899405
Peak_10950	149939081
Peak_121763	149939081
Peak_106225	150162860
Peak_11112	150162860
Peak_49800	150255427
Peak_50375	150259755
Peak_3965	150282155
Peak_71167	150282155
Peak_122189	150293657
Peak_16644	150293657
Peak_272443	150293657
Peak_5404	150515169
Peak_60251	150529042
Peak_45785	150532243
Peak_51045	150532243
Peak_241873	150548697
Peak_39848	150548697
Peak_43407	150548697
Peak_52518	150548697
Peak_208191	150550251
Peak_239052	150552149
Peak_56176	150552149
Peak_12184	150560985
Peak_2140	150560985
Peak_7633	150561967
Peak_10454	150568163
Peak_173826	150579098
Peak_4865	150579098
Peak_60631	150579098
Peak_17277	150604557
Peak_17125	150611328
Peak_38816	150613549
Peak_47432	150619903
Peak_36841	150667864
Peak_28100	150971281
Peak_21171	150977348
Peak_59857	150981229
Peak_172311	150981733
Peak_43928	150981733
Peak_26880	151006373
Peak_36472	151006373
Peak_55719	151013570
Peak_14825	151131281
Peak_62025	151132014
Peak_188	151281180
Peak_29234	151281180
Peak_3216	151281180
Peak_33174	151281180
Peak_28664	151311572
Peak_17013	151327277
Peak_172641	151327277
Peak_267309	151327277
Peak_3325	151327277
Peak_20889	151371407
Peak_16572	151372213
Peak_206610	151372213
Peak_88914	151372213
Peak_241323	151539632
Peak_49478	151539632
Peak_5431	151539632
Peak_6623	151539632
Peak_27544	151547143
Peak_275836	151547143
Peak_29990	151548856
Peak_10624	151611257
Peak_196847	151611257
Peak_23860	151611257
Peak_73010	151611257
Peak_86739	151611257
Peak_69721	151619731
Peak_87918	151721409
Peak_16048	151762875
Peak_237905	151762875
Peak_87662	151762875
Peak_297811	151790220
Peak_487	151790220
Peak_16301	151832600
Peak_22514	151836514
Peak_14504	151836880
Peak_22071	151839529
Peak_60827	151839529
Peak_77087	151839529
Peak_46232	151944404
Peak_41859	151945792
Peak_16513	151972999
Peak_67986	151989613
Peak_28064	151992384
Peak_108966	151993510
Peak_20951	151993510
Peak_66767	151993510
Peak_106537	152034444
Peak_54911	152034444
Peak_62863	152034444
Peak_10718	152036872
Peak_10298	152047628
Peak_15511	152047628
Peak_4779	152047628
Peak_8184	152047628
Peak_203559	153506673
Peak_43374	153506673
Peak_19049	153515582
Peak_269988	153515582
Peak_20969	153533192
Peak_17751	153535344
Peak_38981	153535344
Peak_93276	153535344
Peak_9665	153544920
Peak_54099	153549315
Peak_50882	153565763
Peak_6075	153566389
Peak_51299	153568489
Peak_13234	153608764
Peak_45783	153608764
Peak_15079	153612912
Peak_16660	153616314
Peak_31044	153617627
Peak_124469	153626856
Peak_38020	153626856
Peak_52484	153626856
Peak_67229	153626856
Peak_53058	153633413
Peak_1997	153633763
Peak_5265	153633763
Peak_51223	153649187
Peak_60824	153677757
Peak_107370	153678508
Peak_57145	153697260
Peak_54829	153697945
Peak_76849	153697945
Peak_78018	153697945
Peak_18225	153749461
Peak_52790	153750502
Peak_35202	153763688
Peak_140561	153764412
Peak_16657	153768209
Peak_139947	153775151
Peak_195434	153775151
Peak_22535	153775151
Peak_42594	153775151
Peak_27172	153783338
Peak_9332	153783338
Peak_19816	153880987
Peak_44043	153887572
Peak_5154	153958484
Peak_13062	153977514
Peak_84483	153977514
Peak_27966	154179172
Peak_43681	154324681
Peak_88503	154326402
Peak_18429	154328336
Peak_239222	154328336
Peak_42616	154335074
Peak_19059	154352332
Peak_198278	154352332
Peak_24999	154352332
Peak_30992	154352332
Peak_69681	154352332
Peak_15705	154405020
Peak_25972	154405020
Peak_42862	154405020
Peak_7969	154418101
Peak_87268	154418101
Peak_46053	154419513
Peak_37260	154420298
Peak_109786	154431641
Peak_34540	154434426
Peak_39993	154434426
Peak_46947	154501626
Peak_60314	154501626
Peak_66288	154501626
Peak_88977	154955160
Peak_26700	154956033
Peak_60372	154956033
Peak_28498	154970718
Peak_48633	155007603
Peak_53300	155012145
Peak_7086	155017203
Peak_7663	155017203
Peak_14548	155044915
Peak_11715	155050450
Peak_18843	155050450
Peak_67947	155050450
Peak_42651	155052058
Peak_16428	155063537
Peak_64126	155063537
Peak_20832	155070862
Peak_299093	155070862
Peak_10003	155084744
Peak_11756	155084744
Peak_8182	155084744
Peak_45345	155085760
Peak_18382	155125877
Peak_38295	155127173
Peak_58274	155129526
Peak_87864	155129526
Peak_5942	155135019
Peak_108956	155166539
Peak_60703	155166539
Peak_36096	155167871
Peak_106836	155172705
Peak_205857	155172705
Peak_25161	155172705
Peak_64814	155175993
Peak_12907	155176413
Peak_148330	155176413
Peak_103688	155177236
Peak_119787	155184954
Peak_19919	155184954
Peak_236307	155184954
Peak_235653	155186314
Peak_240210	155186314
Peak_34374	155192730
Peak_7518	155192730
Peak_8330	155192730
Peak_8939	155192730
Peak_14977	155194416
Peak_88295	155194416
Peak_15534	155208432
Peak_18693	155208432
Peak_56395	155226963
Peak_1599	155227367
Peak_110355	155244512
Peak_6890	155244512
Peak_14585	155250696
Peak_11552	155255362
Peak_7169	155255362
Peak_197867	155261603
Peak_8515	155261603
Peak_6687	155859235
Peak_66729	155860004
Peak_79039	155860004
Peak_175455	155940530
Peak_30831	155940530
Peak_195486	155941209
Peak_24273	155941209
Peak_244477	155941209
Peak_35953	155961915
Peak_49716	155970548
Peak_72626	155976663
Peak_77735	155983602
Peak_74648	156006738
Peak_96291	156020248
Peak_108826	156082372
Peak_42323	156082372
Peak_60461	156082372
Peak_164049	156096655
Peak_17508	156096655
Peak_95688	156096655
Peak_15829	156104015
Peak_1876	156106008
Peak_97438	156106008
Peak_10668	156114133
Peak_7257	156114133
Peak_47978	156122863
Peak_15339	156123292
Peak_207423	156123292
Peak_49508	156123292
Peak_18273	156126230
Peak_235310	156126230
Peak_42752	156126230
Peak_121372	156130086
Peak_23187	156130086
Peak_33795	156160941
Peak_72181	156161352
Peak_38657	156162662
Peak_2041	156193535
Peak_80573	156193535
Peak_10527	156291225
Peak_144341	156291225
Peak_16826	156456471
Peak_2156	156456471
Peak_76873	156456471
Peak_8369	156456471
Peak_3013	156471432
Peak_41073	156475601
Peak_3927	156500691
Peak_5658	156500691
Peak_70963	156500691
Peak_29703	156503392
Peak_33670	156504950
Peak_240227	156571205
Peak_40802	156571205
Peak_46146	156572386
Peak_148783	156616473
Peak_13435	156659991
Peak_26342	156661343
Peak_64939	156706035
Peak_79458	156706035
Peak_31337	156725852
Peak_12791	156728330
Peak_3154	156728330
Peak_98811	156728330
Peak_2573	156740749
Peak_53317	156746626
Peak_55492	156746626
Peak_197868	156813613
Peak_33788	156813613
Peak_42694	156813613
Peak_19623	156892347
Peak_13029	157154898
Peak_49554	157154898
Peak_19478	157240452
Peak_9950	157240452
Peak_146929	157992062
Peak_69212	157992062
Peak_44499	158019426
Peak_17254	158149653
Peak_6291	159867730
Peak_127360	159889677
Peak_47808	159889677
Peak_13816	159900027
Peak_16044	159900027
Peak_3448	159910389
Peak_30505	159916239
Peak_16704	159923269
Peak_20983	159923269
Peak_32017	160101098
Peak_20028	160205125
Peak_30694	160205125
Peak_31950	160205125
Peak_28208	160538887
Peak_30937	160538887
Peak_19087	160540224
Peak_29444	160997304
Peak_13480	161013572
Peak_31135	161038463
Peak_41308	161038463
Peak_110794	161044938
Peak_49609	161044938
Peak_5846	161044938
Peak_63090	161044938
Peak_66704	161044938
Peak_10852	161083315
Peak_15326	161097680
Peak_21186	161097680
Peak_47154	161097680
Peak_30125	161153862
Peak_95206	161153862
Peak_14404	161159096
Peak_37301	161159096
Peak_1788	161165818
Peak_5295	161165818
Peak_15920	161176838
Peak_55331	161176838
Peak_7553	161176838
Peak_81059	161176838
Peak_39438	161201098
Peak_203379	161201503
Peak_47595	161201503
Peak_5292	161201503
Peak_7639	161225610
Peak_15046	161305887
Peak_50016	161305887
Peak_89302	161382562
Peak_93477	161382562
Peak_110534	161726254
Peak_24709	161726254
Peak_31276	161726254
Peak_40423	161726254
Peak_31971	161749565
Peak_53478	161749565
Peak_6728	161749565
Peak_144546	162023567
Peak_22422	162023567
Peak_94281	162023567
Peak_23991	162168217
Peak_9987	162207180
Peak_13340	162213385
Peak_8035	162285122
Peak_16696	162560671
Peak_31055	162560671
Peak_31986	162560671
Peak_519	162560671
Peak_45705	162613760
Peak_30581	162696316
Peak_200162	162712494
Peak_77379	162712494
Peak_65222	162732716
Peak_11215	162874017
Peak_11082	164602052
Peak_267260	164611535
Peak_38129	164611535
Peak_51028	164613281
Peak_31404	164635838
Peak_52703	164638062
Peak_79839	164651619
Peak_34258	164660167
Peak_45967	164660167
Peak_46128	164707243
Peak_12538	164712159
Peak_40975	164748262
Peak_63359	164748262
Peak_29018	164772728
Peak_31806	164787369
Peak_29608	165376035
Peak_48170	165376035
Peak_56975	165376035
Peak_121182	165424712
Peak_138845	165424712
Peak_122887	165444862
Peak_54975	165444862
Peak_206914	165597958
Peak_3158	165597958
Peak_41036	165637452
Peak_11333	165645709
Peak_8476	165645709
Peak_11061	165697884
Peak_22463	165697884
Peak_42622	165697884
Peak_232156	165898831
Peak_87314	165898831
Peak_23136	165900628
Peak_13418	165910778
Peak_172658	165910778
Peak_273357	165910778
Peak_5018	166839093
Peak_60465	166839093
Peak_29243	166840580
Peak_13819	166875679
Peak_2831	166875679
Peak_34820	166875679
Peak_143284	167121419
Peak_23020	167121419
Peak_234397	167121419
Peak_125919	167454768
Peak_139159	167454768
Peak_41103	167454768
Peak_47948	167454768
Peak_68943	167454768
Peak_39836	167627602
Peak_54799	167627602
Peak_71680	167627602
Peak_49278	167630035
Peak_16449	167697748
Peak_45664	167753133
Peak_299276	167756799
Peak_30230	167756799
Peak_45898	167756799
Peak_16943	167819981
Peak_31517	167899179
Peak_24816	167915609
Peak_145433	168121474
Peak_53849	168121474
Peak_163800	168136019
Peak_56129	168136019
Peak_86294	168136019
Peak_50832	168235314
Peak_106591	168243413
Peak_245677	168243413
Peak_20243	168631686
Peak_48674	168689792
Peak_71813	168689792
Peak_31272	168693178
Peak_34882	168693178
Peak_44044	168834339
Peak_43631	168907089
Peak_18618	168920429
Peak_45437	168972821
Peak_24229	169103447
Peak_2243	169105557
Peak_2889	169105557
Peak_26829	169115999
Peak_55178	170664346
Peak_78010	170664346
Peak_45450	171141467
Peak_84235	171141467
Peak_109151	171142149
Peak_66229	171142149
Peak_148859	171188568
Peak_23407	171188568
Peak_25908	171644967
Peak_47589	171644967
Peak_10857	171741289
Peak_124232	171741289
Peak_142232	171741289
Peak_17397	171741289
Peak_52090	171741289
Peak_47667	172168338
Peak_44683	172180980
Peak_166627	172181421
Peak_143386	172358423
Peak_267653	172358423
Peak_45968	172358423
Peak_81431	172358423
Peak_44880	172399268
Peak_24705	172449983
Peak_17953	172451013
Peak_13318	172746165
Peak_240773	172746165
Peak_55237	172826101
Peak_57179	172826101
Peak_22660	172933881
Peak_47481	172933881
Peak_17304	173190191
Peak_23533	173429517
Peak_14880	173429944
Peak_12788	173451998
Peak_46724	173478080
Peak_13856	173714775
Peak_67960	173925680
Peak_29383	174160224
Peak_34189	174799395
Peak_49096	174964547
Peak_36089	174990408
Peak_76736	174990408
Peak_137060	175129801
Peak_73935	175200947
Peak_18213	175319273
Peak_53331	175319273
Peak_203039	177818066
Peak_60047	177818066
Peak_106486	177872072
Peak_42994	177872072
Peak_63008	177872072
Peak_36156	178037520
Peak_6722	178037520
Peak_206380	178126620
Peak_37398	178126620
Peak_38874	178126620
Peak_50976	178542175
Peak_78243	178871621
Peak_14224	179016987
Peak_103646	179081609
Peak_33036	179081609
Peak_41188	179081609
Peak_5643	179081609
Peak_50953	179129714
Peak_57501	179142736
Peak_37803	179293347
Peak_6821	179293347
Peak_68515	179293347
Peak_15390	179586192
Peak_58119	179586192
Peak_11354	180157255
Peak_167804	180157255
Peak_194492	180157255
Peak_9344	180168018
Peak_14719	180168775
Peak_28631	180168775
Peak_34353	180168775
Peak_40523	180169851
Peak_47883	180173939
Peak_1076	180631745
Peak_33786	180631745
Peak_43808	180631745
Peak_16661	181112432
Peak_146068	181136461
Peak_85430	181136461
Peak_14640	181142511
Peak_74709	181151918
Peak_14334	181152903
Peak_1581	182029197
Peak_3270	182029197
Peak_65156	182113818
Peak_18091	182120601
Peak_43073	182121757
Peak_36832	182143279
Peak_13356	182144015
Peak_23117	182144015
Peak_26772	182144015
Peak_27467	182146389
Peak_58164	182197633
Peak_74248	182206969
Peak_52363	182259230
Peak_55436	182259230
Peak_108606	182289970
Peak_40629	182289970
Peak_59891	182315272
Peak_108845	182348896
Peak_204953	182382263
Peak_12278	182588706
Peak_27332	182588706
Peak_29742	182588706
Peak_8646	182604146
Peak_29452	182614778
Peak_31511	182614778
Peak_84431	182616152
Peak_11554	182789234
Peak_39975	182789234
Peak_104539	183022305
Peak_15769	183022305
Peak_21430	183022305
Peak_30222	183022305
Peak_43905	183022305
Peak_67602	183022305
Peak_166955	183097708
Peak_176034	183180629
Peak_44417	183180629
Peak_20721	183185959
Peak_32308	183234466
Peak_87222	183234466
Peak_25213	183281519
Peak_48237	183281519
Peak_239643	183317856
Peak_59038	183318524
Peak_124938	184036144
Peak_270848	184036144
Peak_57446	184036144
Peak_59830	184036144
Peak_87345	184036144
Peak_172042	184037508
Peak_34280	184483115
Peak_71802	184491634
Peak_38398	184590293
Peak_79174	184621417
Peak_13087	184622280
Peak_9888	184632787
Peak_5510	184792408
Peak_28754	184836939
Peak_32942	184838680
Peak_35355	184861961
Peak_107382	184890443
Peak_74249	184890443
Peak_22885	184905659
Peak_41808	184905659
Peak_3161	185316999
Peak_98206	185316999
Peak_24124	185534806
Peak_11176	185594171
Peak_241879	185594171
Peak_24967	185594171
Peak_22374	185733837
Peak_27611	185733837
Peak_19961	192531102
Peak_35356	192539797
Peak_67630	193259685
Peak_13624	193355139
Peak_62654	193418507
Peak_43060	196608377
Peak_71454	196608377
Peak_106725	197146062
Peak_106726	197146062
Peak_6344	197146062
Peak_64535	197146062
Peak_15519	197902365
Peak_4465	197902365
Peak_1568	200669297
Peak_1620	200669297
Peak_270006	200669297
Peak_12737	200738563
Peak_15835	200738563
Peak_31045	200738563
Peak_141251	200872732
Peak_45177	200872732
Peak_92399	200872732
Peak_92882	200872732
Peak_236318	201028330
Peak_236683	201028330
Peak_88300	201028330
Peak_11850	201114167
Peak_28117	201114167
Peak_175359	201114770
Peak_204109	201114770
Peak_239225	201114770
Peak_34417	201137506
Peak_38671	201153950
Peak_81327	201153950
Peak_8594	201153950
Peak_63755	201154833
Peak_110824	201170515
Peak_851	201170515
Peak_11329	201396811
Peak_7520	201396811
Peak_30181	201399247
Peak_58555	201450679
Peak_83884	201450679
Peak_17369	201460992
Peak_30587	201461740
Peak_167041	201468411
Peak_19890	201468411
Peak_53978	201468411
Peak_54793	201468411
Peak_19991	201480415
Peak_25342	201480415
Peak_110163	201481737
Peak_122433	201481737
Peak_16114	201481737
Peak_144968	201489313
Peak_26910	201503489
Peak_10142	201506659
Peak_268756	201506659
Peak_59031	201506659
Peak_59048	201511944
Peak_59532	201511944
Peak_31778	201512962
Peak_30541	201538613
Peak_79260	201540096
Peak_4067	201597607
Peak_64761	201649884
Peak_18570	201650317
Peak_88222	201676416
Peak_71152	201678000
Peak_74447	201678000
Peak_24329	201696257
Peak_64061	201703545
Peak_22769	201704075
Peak_14440	201713437
Peak_24867	201714612
Peak_12892	201828955
Peak_175330	201828955
Peak_44815	201828955
Peak_15090	201888307
Peak_17739	201888307
Peak_27255	201916644
Peak_96818	201917459
Peak_25540	202023044
Peak_8754	202034500
Peak_9488	202046186
Peak_140641	202046799
Peak_92866	202047164
Peak_32508	202076029
Peak_15545	202085182
Peak_84831	202085899
Peak_7295	202106292
Peak_58426	202106984
Peak_9981	202106984
Peak_35098	202112888
Peak_73238	202112888
Peak_80680	202132872
Peak_75132	202410436
Peak_111397	202553733
Peak_146858	202589000
Peak_21691	202589000
Peak_1713	202888517
Peak_7932	202888517
Peak_168392	202957793
Peak_241932	202957793
Peak_2754	202957793
Peak_68164	202964824
Peak_15049	202966643
Peak_169850	202966643
Peak_60043	202966643
Peak_15314	203026251
Peak_14637	203273131
Peak_16374	203273131
Peak_29665	203278413
Peak_54158	203278413
Peak_42301	203287157
Peak_88775	203287157
Peak_8662	203290298
Peak_124359	203291232
Peak_163011	203291232
Peak_3001	203305072
Peak_86406	203305072
Peak_4641	203316519
Peak_23958	203321015
Peak_63317	203322806
Peak_10522	203327052
Peak_25836	203327052
Peak_33529	203327052
Peak_88215	203350155
Peak_45816	203351049
Peak_276978	203408520
Peak_51316	203408520
Peak_62746	203480234
Peak_51774	203480586
Peak_202716	203536729
Peak_49946	203536729
Peak_15722	203537938
Peak_32254	203558336
Peak_10607	203626558
Peak_53226	203629557
Peak_10621	203649827
Peak_144150	203649827
Peak_26627	203674005
Peak_51972	203674005
Peak_19654	203692589
Peak_55550	203693135
Peak_19547	203769532
Peak_45184	203769532
Peak_37386	203860388
Peak_107732	204072923
Peak_14651	204072923
Peak_17463	204072923
Peak_15552	204080407
Peak_9447	204084325
Peak_47548	204104300
Peak_57359	204129133
Peak_37844	204151776
Peak_74704	204151776
Peak_207292	204190712
Peak_77600	204190712
Peak_10258	204213643
Peak_104431	204213643
Peak_78058	204213643
Peak_71443	204225928
Peak_85323	204226396
Peak_26981	204266541
Peak_297108	204286836
Peak_30994	204286836
Peak_43815	204288077
Peak_69034	204296463
Peak_26837	204319497
Peak_84137	204331878
Peak_96768	204348251
Peak_26628	204348821
Peak_40679	204363150
Peak_46139	204363150
Peak_66347	204383217
Peak_15111	204417139
Peak_50654	204417139
Peak_68166	204417139
Peak_240211	204450666
Peak_7849	204450666
Peak_49940	204451753
Peak_110751	204477372
Peak_28933	204479695
Peak_79304	204479695
Peak_66991	204482152
Peak_50908	204828418
Peak_65242	205175440
Peak_25617	205284664
Peak_164974	205294042
Peak_78149	205294042
Peak_46147	205301193
Peak_79261	205314039
Peak_26058	205317384
Peak_15765	205319582
Peak_10017	205321261
Peak_36126	205321261
Peak_34999	205365977
Peak_21981	205441064
Peak_24331	205477469
Peak_81211	205477469
Peak_42303	205493244
Peak_10726	205504317
Peak_110035	205504317
Peak_28150	205504317
Peak_16185	205543246
Peak_64606	205543246
Peak_72983	205543246
Peak_97983	205543246
Peak_40550	205568684
Peak_272349	205582340
Peak_45680	205582340
Peak_169536	205591721
Peak_202388	205591721
Peak_20600	205591721
Peak_145959	205664370
Peak_28924	205664370
Peak_126353	205679765
Peak_22127	205679765
Peak_98827	205679765
Peak_20188	205800829
Peak_23872	205800829
Peak_3332	205812548
Peak_72093	205812548
Peak_77438	205812548
Peak_85936	205812548
Peak_121764	205943337
Peak_61007	206001513
Peak_31007	206003374
Peak_28264	206005332
Peak_105867	206117270
Peak_84007	206117270
Peak_94681	206117270
Peak_111409	206430084
Peak_69752	206430084
Peak_42598	206469911
Peak_77750	206469911
Peak_79552	206469911
Peak_124490	206495208
Peak_137610	206501144
Peak_27284	206501144
Peak_121930	206506926
Peak_14403	206506926
Peak_126662	206513549
Peak_268316	206513549
Peak_68325	206513549
Peak_39123	206521206
Peak_11865	206540442
Peak_50031	206557113
Peak_28730	206635162
Peak_5222	206635162
Peak_84569	206635162
Peak_11999	206659235
Peak_206502	206659235
Peak_50489	206659235
Peak_20074	206674853
Peak_55571	206691692
Peak_57487	206693093
Peak_29153	206723789
Peak_52651	206723789
Peak_14963	206909097
Peak_17721	206909097
Peak_105127	206952239
Peak_245337	206953122
Peak_63855	206953733
Peak_38850	207005088
Peak_32092	207024393
Peak_18943	207025499
Peak_32472	207025499
Peak_105374	207051301
Peak_124659	207309719
Peak_75134	207309719
Peak_35182	207316657
Peak_2567	207751612
Peak_30889	207751612
Peak_49152	207751612
Peak_63116	207751612
Peak_41157	207805855
Peak_105771	207807373
Peak_68095	207807373
Peak_68752	207807373
Peak_202383	207811973
Peak_29097	207811973
Peak_92750	207816764
Peak_11219	207823821
Peak_196171	207825718
Peak_32381	207825718
Peak_28819	207826561
Peak_32851	207828625
Peak_58685	207830857
Peak_9505	207838316
Peak_15385	207848215
Peak_78040	207866887
Peak_35704	207868231
Peak_16145	207868728
Peak_68733	207868728
Peak_37664	207885087
Peak_24304	207890258
Peak_84602	207922595
Peak_105778	207963501
Peak_1946	207963501
Peak_62630	208030489
Peak_96750	208047528
Peak_44599	208149778
Peak_64271	208178241
Peak_201259	208184217
Peak_29235	208184217
Peak_97714	208184217
Peak_22995	208201248
Peak_24556	208203214
Peak_275789	208203214
Peak_14879	208207431
Peak_30607	208207431
Peak_72884	208227445
Peak_25528	208233614
Peak_105020	208236333
Peak_26323	208239664
Peak_43939	208239664
Peak_11862	208244206
Peak_31314	208245273
Peak_53726	209641782
Peak_30327	209651322
Peak_26851	209652420
Peak_6051	209653000
Peak_71118	209653979
Peak_34566	209675014
Peak_47599	209675014
Peak_23963	209787645
Peak_18635	210232438
Peak_204110	210232438
Peak_28229	210232438
Peak_31951	210232438
Peak_57188	210232438
Peak_63869	210232438
Peak_79702	210232438
Peak_32599	210251271
Peak_41116	210251271
Peak_13987	210252592
Peak_17675	210292348
Peak_94116	210292348
Peak_26241	210311146
Peak_15367	210328524
Peak_19673	210328524
Peak_124580	211326716
Peak_125114	211326716
Peak_142829	211326716
Peak_67101	211326716
Peak_55610	211333979
Peak_16701	211514047
Peak_9143	211515204
Peak_175454	211578421
Peak_17556	211578421
Peak_46913	211578421
Peak_471	211578421
Peak_25064	211643540
Peak_53114	211675171
Peak_67937	211675171
Peak_8185	211675171
Peak_27491	211830164
Peak_8458	211830164
Peak_72991	211929050
Peak_32220	212238648
Peak_52920	212238648
Peak_69567	212242596
Peak_30339	212261480
Peak_171734	212485819
Peak_207598	212485819
Peak_27481	212485819
Peak_34851	212558296
Peak_6590	212558296
Peak_30101	212566493
Peak_73827	212566493
Peak_16814	212606758
Peak_52239	212698967
Peak_56234	212698967
Peak_97181	212698967
Peak_95641	212700407
Peak_2944	212857625
Peak_44666	212857625
Peak_67742	212857625
Peak_46325	213123616
Peak_69756	213123616
Peak_66786	214330789
Peak_25555	214446742
Peak_60573	214446742
Peak_48433	214466845
Peak_74767	214476282
Peak_96416	214476282
Peak_78735	214515967
Peak_146332	214516349
Peak_47657	214516349
Peak_52627	214516349
Peak_95905	214516349
Peak_17400	215566945
Peak_293188	215566945
Peak_77640	215566945
Peak_96473	215566945
Peak_20917	215583193
Peak_209559	215583193
Peak_47405	215636681
Peak_96819	215636681
Peak_58386	216765508
Peak_38009	216903394
Peak_56670	217089576
Peak_167317	218344906
Peak_51213	218344906
Peak_87780	218344906
Peak_55588	218460015
Peak_11323	219173655
Peak_22443	219173655
Peak_26680	220689974
Peak_6464	220689974
Peak_124855	220732420
Peak_199415	220732420
Peak_17566	220761773
Peak_27290	220761773
Peak_21274	220879034
Peak_48101	220879531
Peak_3234	222643678
Peak_56392	222643678
Peak_11490	222814540
Peak_35649	222814540
Peak_18686	222928243
Peak_14867	223142763
Peak_173692	223180896
Peak_40994	223344464
Peak_13471	223665576
Peak_121060	223700971
Peak_18773	223700971
Peak_12805	223707226
Peak_34188	223707226
Peak_98503	223707226
Peak_24582	223720930
Peak_118244	223726536
Peak_28624	223726536
Peak_74166	223731286
Peak_78034	223731286
Peak_52804	223734567
Peak_30604	223738535
Peak_105719	223738882
Peak_29783	223739814
Peak_67788	223739814
Peak_30995	223748407
Peak_43552	223748407
Peak_56139	223748407
Peak_30008	223772131
Peak_26586	223776043
Peak_43612	224205459
Peak_111010	224434508
Peak_125509	224434508
Peak_14915	224434508
Peak_194099	224434508
Peak_242241	224434508
Peak_167231	224497973
Peak_62808	224497973
Peak_32347	224502910
Peak_1811	224503318
Peak_124954	224622337
Peak_169665	224622337
Peak_236392	224622337
Peak_269168	224622337
Peak_41323	224622337
Peak_6794	225444713
Peak_23538	225508491
Peak_10187	225694160
Peak_23358	225735422
Peak_11558	225746674
Peak_31290	225754894
Peak_97906	225755274
Peak_7232	225772353
Peak_85257	225817056
Peak_87269	225817056
Peak_14573	225817626
Peak_76927	225877657
Peak_14483	225881633
Peak_206307	225881633
Peak_25587	225881633
Peak_86639	225881633
Peak_17217	225891165
Peak_11637	225897015
Peak_32710	226034559
Peak_11726	226082988
Peak_34281	226082988
Peak_38235	226082988
Peak_49717	226082988
Peak_105716	226109581
Peak_14896	226109581
Peak_29732	226109581
Peak_73909	226109581
Peak_7661	226109581
Peak_7492	226127705
Peak_38244	226133024
Peak_68853	226133024
Peak_22897	226134844
Peak_25175	226134844
Peak_171362	226350035
Peak_31139	226350035
Peak_39590	226548704
Peak_126676	226549835
Peak_58126	226634183
Peak_103451	226677165
Peak_42494	226677165
Peak_108170	226702473
Peak_140664	226702473
Peak_36077	226702473
Peak_58712	226702473
Peak_97282	226702473
Peak_165755	226827343
Peak_299149	226827343
Peak_96154	226827343
Peak_9729	226870342
Peak_58812	226882766
Peak_6173	226945137
Peak_74154	226945137
Peak_15424	227357247
Peak_173567	227357247
Peak_199861	227357247
Peak_238067	227357247
Peak_55468	227428930
Peak_30962	227431925
Peak_13202	227563344
Peak_293181	227563344
Peak_9499	227563344
Peak_25943	227728064
Peak_30012	227728064
Peak_74292	227728868
Peak_52709	227787538
Peak_3090	227787894
Peak_71546	227787894
Peak_9911	227787894
Peak_13791	227946272
Peak_14801	227946272
Peak_4512	228059295
Peak_8224	228059295
Peak_123110	228108743
Peak_233104	228108743
Peak_6028	228108743
Peak_172037	228150137
Peak_273148	228150137
Peak_60815	228150137
Peak_96908	228150137
Peak_16282	228213335
Peak_266426	228213335
Peak_17594	228275577
Peak_96559	228275577
Peak_97002	228275577
Peak_10072	228406130
Peak_105626	228406130
Peak_164272	228406130
Peak_22515	228406130
Peak_78720	228406130
Peak_13180	228830134
Peak_60101	228831154
Peak_16912	228837840
Peak_18143	228837840
Peak_25202	228837840
Peak_20610	228860863
Peak_26303	228860863
Peak_106525	228902884
Peak_20541	228902884
Peak_107895	228964503
Peak_92656	228990588
Peak_105482	229058264
Peak_67819	229058264
Peak_25795	229070193
Peak_273614	229108478
Peak_44600	229164756
Peak_56855	229164756
Peak_15316	229208002
Peak_15801	229221251
Peak_23595	229221251
Peak_18418	229229212
Peak_237899	229229212
Peak_72344	229229212
Peak_59318	229270560
Peak_67715	229270560
Peak_8108	229270560
Peak_44548	229273782
Peak_21756	229342011
Peak_55531	229342011
Peak_68167	229342011
Peak_7764	229342011
Peak_57130	229410885
Peak_31468	229411155
Peak_16550	229582066
Peak_85575	229582066
Peak_43169	230084397
Peak_92753	230084397
Peak_78280	230090478
Peak_8997	230104632
Peak_123141	230185411
Peak_45128	230186062
Peak_41499	230204812
Peak_58490	230215104
Peak_36204	230572213
Peak_50450	230572828
Peak_12298	230747906
Peak_24792	230747906
Peak_43014	230750661
Peak_81374	230753696
Peak_43715	230754019
Peak_13332	230825057
Peak_28788	230825057
Peak_119945	230849093
Peak_139676	230849093
Peak_205863	230849093
Peak_60617	230863526
Peak_105288	230867853
Peak_166855	230867853
Peak_17378	230867853
Peak_240058	230867853
Peak_45961	230867853
Peak_72509	230867853
Peak_55429	230938835
Peak_60027	230938835
Peak_165742	231039601
Peak_31526	231039601
Peak_66211	231039601
Peak_25439	231233749
Peak_26945	231233749
Peak_46329	231395386
Peak_26047	231626424
Peak_95224	231626424
Peak_164468	232629717
Peak_41407	232629717
Peak_52245	232629717
Peak_6142	232629717
Peak_108957	232678257
Peak_14804	232678257
Peak_43498	232704628
Peak_32880	232767263
Peak_89391	232767263
Peak_47722	232805247
Peak_85299	232805247
Peak_10855	232950196
Peak_207542	232950196
Peak_95250	232950196
Peak_37188	233295365
Peak_37992	233295365
Peak_163406	233326951
Peak_1851	233326951
Peak_21714	233326951
Peak_56844	233326951
Peak_74729	233326951
Peak_94832	233326951
Peak_11178	233707170
Peak_269799	233707170
Peak_85567	233707170
Peak_119496	234213966
Peak_122331	234213966
Peak_68270	234213966
Peak_16174	234478138
Peak_19443	234478138
Peak_19622	234478138
Peak_23519	234499108
Peak_103433	234499701
Peak_16666	234523579
Peak_52303	234531035
Peak_80035	234531728
Peak_80323	234531728
Peak_36769	234535812
Peak_292868	234544174
Peak_72017	234544174
Peak_119068	234544653
Peak_243259	234544653
Peak_41342	234544653
Peak_12525	234599704
Peak_3863	234599704
Peak_38382	234600573
Peak_43680	234602815
Peak_21012	234610657
Peak_3470	234610657
Peak_9017	234610657
Peak_17215	234612608
Peak_145826	234623829
Peak_37968	234624268
Peak_73550	234657336
Peak_32990	234658196
Peak_95699	234700217
Peak_103417	234707678
Peak_16014	234723643
Peak_21532	234723643
Peak_25401	234723643
Peak_3887	234723643
Peak_14102	234751204
Peak_30628	234772466
Peak_56061	234863055
Peak_31681	234875653
Peak_18752	234876288
Peak_43375	234899116
Peak_45049	234918023
Peak_87590	234918023
Peak_87464	234919221
Peak_50164	234925746
Peak_45500	234955216
Peak_39206	234957419
Peak_19851	234960645
Peak_87726	234961875
Peak_60828	234963295
Peak_232150	234969728
Peak_72859	234969728
Peak_44350	234970365
Peak_53467	234970365
Peak_269818	234978531
Peak_78134	234978531
Peak_20356	234980607
Peak_29020	234980607
Peak_26257	234987325
Peak_13717	234997113
Peak_167221	235047726
Peak_39613	235047726
Peak_45079	235047726
Peak_25004	235062456
Peak_17484	235067527
Peak_42526	235068248
Peak_48473	235070083
Peak_16118	235073403
Peak_20126	235073403
Peak_48031	235073403
Peak_33745	235075239
Peak_8490	235079514
Peak_198042	235083153
Peak_11937	235083713
Peak_16465	235160758
Peak_53075	235160758
Peak_53685	235160758
Peak_10090	235295932
Peak_273184	235648990
Peak_46831	235648990
Peak_29069	235866212
Peak_3668	235866212
Peak_39678	235866212
Peak_41413	235866212
Peak_139511	235882994
Peak_18833	235882994
Peak_36391	235882994
Peak_93167	235892751
Peak_108106	235902873
Peak_122471	235902873
Peak_147755	235919987
Peak_62110	235919987
Peak_62289	235932150
Peak_120142	236063933
Peak_120143	236063933
Peak_28705	236063933
Peak_34832	236063933
Peak_52506	236063933
Peak_1991	236281258
Peak_33569	236281258
Peak_64856	236281258
Peak_25786	236394895
Peak_67362	236394895
Peak_88506	236394895
Peak_200241	236862633
Peak_12923	237012764
Peak_14930	237012764
Peak_66348	237041908
Peak_56136	239719183
Peak_46252	239816474
Peak_27532	241423737
Peak_36795	241423737
Peak_39979	241423737
Peak_80473	241423737
Peak_8126	241847707
Peak_8255	241847707
Peak_121223	243849127
Peak_69521	243849127
Peak_74093	243849127
Peak_176495	243917256
Peak_65255	243917256
Peak_63586	244325099
Peak_52414	244451555
Peak_75	244451555
Peak_107804	244841236
Peak_205515	244841236
Peak_55720	244964359
Peak_10889	245156123
Peak_241938	245156123
Peak_138274	245157053
Peak_142367	245258118
Peak_23503	245258118
Peak_55319	245258118
Peak_47924	245260185
Peak_87495	245260185
Peak_37533	246583637
Peak_106464	246723935
Peak_12115	246723935
Peak_25222	246723935
Peak_45990	246723935
Peak_52687	246723935
Peak_141131	247111628
Peak_17804	247111628
Peak_60462	247111628
Peak_7668	248826582
Peak_2848	248837886
Peak_9125	248837886
Peak_928	248837886
Peak_16929	248858050
Peak_13362	248862915
Peak_23629	248862915
